1660753676.000000, 1660753676.000000, 1660753676.000000
32.000000, 32.000000, 32.000000
-15,-61,2
-15,-61,2
-15,-61,2
-15,-61,2
-15,-61,2
-15,-61,2
-15,-61,2
-15,-62,3
-15,-62,3
-15,-61,2
-16,-61,2
-16,-61,2
-15,-61,2
-16,-61,2
-16,-60,1
-16,-59,2
-15,-60,1
-16,-60,1
-19,-61,2
-17,-61,3
-16,-62,4
-15,-63,4
-15,-62,3
-13,-61,0
-14,-62,0
-16,-61,0
-17,-60,0
-17,-61,0
-14,-62,1
-14,-63,1
-14,-63,1
-14,-63,0
-14,-63,0
-14,-62,-1
-14,-61,-1
-14,-61,-1
-14,-60,0
-14,-60,0
-15,-61,1
-14,-61,2
-14,-61,2
-15,-61,2
-15,-61,1
-16,-61,1
-16,-60,1
-16,-60,1
-16,-61,1
-16,-61,2
-16,-62,1
-16,-62,1
-16,-62,1
-15,-61,1
-15,-61,0
-18,-61,0
-19,-61,0
-18,-61,0
-16,-62,1
-15,-63,2
-15,-62,2
-16,-61,3
-18,-60,2
-18,-60,1
-17,-59,2
-18,-56,3
-21,-57,2
-22,-57,2
-21,-60,3
-22,-62,4
-22,-64,3
-20,-63,3
-19,-61,3
-20,-59,2
-20,-59,2
-22,-55,2
-21,-55,1
-20,-56,2
-18,-61,2
-18,-62,2
-18,-65,0
-18,-66,-2
-19,-69,-2
-19,-67,-2
-19,-65,-2
-18,-63,-1
-17,-60,1
-17,-59,1
-14,-58,2
-12,-58,3
-12,-56,3
-13,-55,2
-13,-55,2
-13,-55,2
-12,-56,2
-12,-58,1
-13,-59,-1
-15,-59,-1
-18,-60,-1
-20,-60,-1
-21,-62,-3
-18,-69,-5
-20,-75,-6
-26,-75,-3
-27,-66,-1
-27,-61,-5
-28,-66,-6
-28,-68,-7
-25,-69,-7
-24,-66,-7
-18,-61,-7
-19,-60,-7
-20,-60,-7
-19,-60,-8
-18,-59,-9
-16,-58,-8
-16,-56,-7
-17,-57,-8
-17,-61,-9
-18,-61,-9
-16,-59,-8
-14,-65,-9
-14,-68,-9
-16,-57,-2
-16,-56,0
-12,-61,-1
-12,-67,-2
-13,-66,0
-12,-56,5
-11,-51,6
-15,-49,4
-16,-53,2
-19,-56,3
-18,-60,3
-17,-61,2
-18,-61,4
-23,-61,6
-24,-62,5
-25,-67,3
-23,-69,1
-16,-82,-4
-23,-89,0
-28,-77,3
-28,-68,-6
-28,-69,-8
-25,-74,-9
-19,-68,-7
-18,-63,-5
-16,-56,-5
-16,-55,-6
-16,-54,-7
-14,-54,-7
-12,-54,-6
-11,-54,-7
-13,-53,-7
-16,-54,-7
-16,-62,-10
-16,-59,-10
-15,-63,-9
-14,-67,-9
-15,-60,-5
-20,-61,0
-19,-64,2
-14,-71,3
-13,-70,5
-9,-59,11
-12,-50,10
-16,-51,7
-19,-56,5
-19,-58,5
-15,-56,6
-18,-57,5
-21,-56,6
-22,-59,4
-22,-64,4
-21,-71,4
-16,-73,-2
-18,-83,-3
-28,-80,5
-30,-67,3
-26,-66,-6
-19,-74,-6
-17,-75,-6
-13,-64,-8
-13,-58,-7
-15,-53,-5
-19,-53,-7
-20,-53,-8
-16,-54,-9
-13,-52,-8
-12,-51,-5
-16,-51,-4
-17,-55,-4
-18,-66,-6
-17,-66,-6
-12,-72,-5
-15,-71,1
-20,-59,9
-21,-50,12
-18,-55,9
-14,-68,1
-10,-69,1
-9,-62,4
-12,-53,5
-15,-54,4
-21,-57,5
-23,-58,3
-21,-57,2
-20,-59,2
-19,-58,3
-19,-57,5
-21,-61,5
-24,-65,5
-21,-68,1
-17,-67,-1
-16,-75,-4
-27,-73,-1
-30,-66,-2
-29,-58,-9
-28,-60,-12
-27,-67,-15
-23,-60,-13
-20,-55,-11
-17,-52,-11
-19,-53,-12
-25,-53,-14
-26,-57,-16
-24,-60,-16
-22,-60,-15
-21,-59,-15
-21,-61,-14
-24,-64,-11
-24,-65,-12
-24,-67,-10
-24,-62,-7
-21,-56,-4
-18,-57,-5
-20,-60,-5
-20,-65,-4
-19,-64,-2
-16,-58,-2
-15,-59,-3
-16,-61,-3
-17,-61,-3
-17,-59,-2
-17,-58,-1
-18,-55,-2
-19,-54,-1
-20,-58,0
-19,-61,0
-16,-65,-4
-14,-67,-5
-15,-66,-6
-16,-61,-5
-16,-58,-6
-15,-61,-10
-16,-62,-11
-16,-60,-11
-15,-58,-13
-15,-59,-13
-16,-58,-12
-18,-58,-12
-19,-59,-13
-19,-63,-12
-19,-63,-11
-20,-63,-11
-20,-61,-9
-20,-60,-8
-21,-61,-6
-21,-60,-6
-20,-63,-6
-21,-65,-6
-21,-64,-4
-23,-65,-1
-24,-65,0
-23,-64,3
-27,-68,7
-29,-69,7
-19,-68,10
-21,-66,11
-22,-63,14
-19,-59,15
-20,-57,14
-23,-54,13
-22,-52,15
-21,-51,18
-21,-49,20
-22,-50,21
-21,-46,26
-24,-46,27
-21,-47,31
-25,-47,31
-29,-47,31
-23,-47,34
-20,-47,36
-19,-56,26
-17,-41,39
-21,-41,37
-24,-45,35
-18,-45,38
-18,-50,42
-23,-46,39
-21,-45,39
-17,-45,39
-20,-45,39
-18,-42,37
-21,-46,39
-22,-44,42
-19,-42,41
-20,-43,41
-18,-41,42
-18,-43,44
-19,-44,44
-18,-42,44
-18,-44,45
-19,-43,43
-17,-42,44
-17,-42,44
-19,-43,43
-18,-42,44
-17,-42,43
-16,-43,44
-17,-43,43
-17,-44,42
-16,-42,43
-17,-43,44
-18,-43,44
-16,-41,44
-16,-42,44
-17,-43,44
-17,-42,44
-17,-44,44
-15,-42,44
-15,-42,45
-16,-42,44
-16,-44,43
-16,-41,44
-14,-43,44
-13,-42,44
-13,-42,45
-14,-42,47
-14,-42,48
-17,-43,48
-19,-45,42
-19,-44,41
-15,-39,42
-18,-43,41
-16,-44,40
-17,-44,42
-19,-44,42
-19,-45,42
-19,-45,41
-19,-45,42
-18,-44,42
-18,-44,41
-19,-46,42
-19,-44,42
-19,-43,42
-20,-43,41
-19,-44,42
-20,-42,41
-19,-51,36
-20,-44,39
-20,-46,40
-20,-46,39
-20,-46,38
-20,-46,38
-18,-45,38
-20,-45,37
-20,-45,36
-18,-44,34
-20,-44,31
-20,-44,29
-13,-41,24
-11,-39,22
-15,-43,18
-15,-47,14
-14,-49,10
-12,-55,6
-14,-59,6
-21,-68,5
-25,-76,6
-26,-79,5
-24,-80,3
-23,-79,4
-17,-75,4
-13,-70,3
-11,-69,3
-9,-69,6
-12,-67,9
-22,-62,8
-21,-60,5
-18,-61,3
-11,-66,1
-9,-67,1
-12,-67,-1
-16,-65,-3
-21,-64,-4
-23,-63,-6
-22,-61,-5
-19,-58,-4
-18,-56,-3
-18,-54,-3
-16,-52,-4
-16,-51,-4
-16,-57,-3
-16,-58,-3
-15,-59,-3
-15,-61,-2
-15,-61,-1
-16,-62,0
-17,-64,1
-16,-64,1
-16,-65,4
-17,-65,6
-17,-64,8
-13,-62,7
-11,-61,7
-7,-62,10
-13,-59,6
-20,-58,2
-13,-58,5
-14,-59,5
-13,-57,5
-14,-57,4
-15,-58,2
-16,-58,2
-16,-59,2
-18,-63,1
-17,-65,0
-17,-75,-2
-23,-80,0
-25,-73,1
-21,-56,-2
-18,-57,-4
-16,-66,-4
-17,-73,-3
-17,-74,-4
-17,-69,-5
-16,-63,-5
-15,-61,-5
-20,-60,-6
-20,-59,-6
-18,-54,-5
-18,-53,-4
-19,-53,-2
-19,-53,-3
-19,-53,-2
-18,-56,-2
-17,-59,-2
-17,-63,-2
-16,-61,-2
-15,-65,-4
-15,-68,-3
-16,-63,0
-16,-56,2
-16,-59,1
-17,-63,0
-15,-66,1
-14,-64,3
-13,-56,5
-15,-56,3
-16,-57,3
-16,-59,3
-15,-58,2
-14,-59,2
-17,-59,2
-18,-58,2
-18,-63,2
-19,-66,3
-20,-68,5
-15,-70,-1
-16,-75,-2
-24,-80,2
-29,-72,3
-26,-65,-4
-21,-68,-4
-20,-70,-3
-18,-69,-4
-17,-63,-4
-18,-57,-3
-20,-58,-3
-18,-57,-5
-14,-54,-6
-15,-53,-5
-16,-51,-4
-18,-48,-3
-20,-47,-3
-20,-53,-4
-20,-58,-3
-18,-59,-2
-14,-70,-4
-13,-74,-5
-18,-59,3
-19,-58,6
-16,-64,2
-13,-70,-1
-11,-70,2
-10,-59,6
-11,-54,7
-15,-51,4
-17,-55,2
-18,-57,3
-17,-59,2
-17,-60,2
-21,-62,3
-22,-60,4
-23,-63,4
-22,-68,5
-20,-68,4
-17,-80,-2
-27,-84,3
-29,-71,5
-25,-71,-4
-22,-73,-4
-17,-70,-4
-15,-63,-5
-15,-62,-4
-18,-56,-4
-19,-55,-5
-20,-55,-6
-17,-53,-5
-15,-52,-5
-14,-52,-3
-15,-50,-3
-17,-51,-4
-19,-59,-4
-19,-62,-4
-17,-60,-2
-15,-65,-3
-14,-70,-2
-16,-63,3
-16,-63,3
-16,-65,0
-16,-64,0
-16,-61,4
-11,-53,7
-10,-52,5
-12,-54,3
-13,-55,4
-15,-57,4
-16,-58,2
-17,-59,2
-20,-61,2
-21,-64,2
-21,-68,3
-18,-68,3
-17,-67,1
-17,-79,-3
-21,-86,-1
-29,-66,3
-26,-63,-2
-19,-72,-6
-17,-75,-4
-16,-69,-5
-16,-63,-6
-17,-58,-5
-17,-58,-6
-17,-58,-8
-15,-56,-8
-12,-53,-6
-13,-53,-6
-15,-52,-5
-18,-53,-5
-19,-55,-5
-17,-58,-4
-14,-61,-4
-12,-67,-4
-16,-66,-1
-16,-61,3
-18,-59,4
-16,-64,3
-17,-68,2
-15,-68,4
-13,-62,6
-9,-55,5
-11,-56,4
-12,-56,4
-15,-56,2
-16,-56,2
-18,-58,1
-18,-58,1
-17,-57,1
-16,-61,1
-17,-64,1
-16,-65,0
-13,-67,-3
-13,-71,-5
-18,-82,-6
-24,-74,-2
-24,-66,-5
-22,-68,-11
-14,-76,-10
-10,-71,-9
-10,-66,-10
-11,-55,-8
-13,-57,-9
-14,-57,-9
-14,-57,-11
-13,-58,-11
-11,-56,-10
-12,-54,-8
-14,-55,-8
-19,-55,-9
-19,-54,-9
-19,-56,-9
-23,-65,-10
-24,-66,-9
-21,-65,-10
-20,-66,-11
-21,-80,-14
-23,-63,-10
-23,-56,-8
-22,-49,-6
-24,-50,-6
-27,-61,-2
-21,-66,0
-17,-64,1
-11,-60,5
-10,-59,6
-14,-59,7
-18,-59,8
-18,-59,7
-14,-57,4
-13,-57,2
-15,-57,-1
-16,-55,-1
-17,-50,-4
-18,-52,-10
-20,-53,-11
-26,-52,-10
-28,-56,-17
-24,-60,-20
-20,-59,-17
-20,-56,-14
-22,-55,-14
-22,-52,-16
-21,-50,-14
-25,-51,-18
-27,-52,-17
-33,-51,-19
-35,-51,-17
-30,-51,-23
-38,-49,-28
-41,-46,-27
-27,-52,-20
-36,-59,-28
-45,-59,-32
-27,-64,-16
-32,-64,-10
-39,-58,-12
-22,-54,-19
-23,-55,-18
-36,-54,-14
-44,-55,-12
-43,-47,0
-42,-47,-1
-45,-50,-3
-40,-49,2
-43,-48,5
-47,-47,6
-48,-47,8
-49,-48,7
-48,-48,6
-47,-48,8
-45,-46,14
-45,-45,18
-43,-45,21
-44,-42,19
-43,-43,22
-38,-44,24
-43,-39,21
-45,-38,27
-44,-37,31
-44,-37,27
-48,-39,30
-40,-36,29
-44,-34,25
-42,-35,35
-38,-33,37
-41,-34,38
-35,-34,45
-34,-33,39
-44,-34,38
-44,-38,47
-50,-35,43
-27,-28,37
-25,-26,42
-33,-26,39
-32,-29,37
-17,-38,57
-35,-25,49
-33,-22,42
-27,-23,49
-27,-23,58
-36,-37,52
-36,-28,39
-35,-29,39
-38,-27,46
-35,-24,47
-35,-25,45
-37,-26,44
-36,-28,44
-40,-27,44
-37,-29,45
-27,-27,48
-30,-27,47
-24,-24,50
-24,-26,51
-27,-24,53
-49,-28,46
-33,-23,49
-35,-21,46
-28,-23,50
-29,-21,46
-43,-24,46
-38,-23,47
-36,-23,46
-35,-23,48
-35,-24,48
-39,-23,45
-40,-23,46
-38,-23,47
-37,-24,46
-37,-24,45
-37,-24,46
-38,-23,46
-39,-23,46
-39,-22,46
-40,-22,46
-38,-22,46
-38,-22,46
-39,-22,46
-40,-22,44
-41,-22,44
-40,-22,45
-39,-22,45
-41,-23,45
-39,-23,45
-39,-22,45
-41,-22,45
-41,-22,45
-39,-22,45
-40,-22,44
-41,-22,44
-41,-22,45
-41,-21,45
-41,-21,45
-41,-21,44
-41,-22,45
-41,-22,44
-41,-22,44
-41,-22,45
-41,-22,44
-40,-22,45
-40,-22,45
-40,-22,45
-40,-22,45
-39,-22,45
-40,-22,45
-40,-22,45
-39,-22,45
-40,-22,45
-39,-22,45
-39,-22,45
-41,-22,45
-41,-22,45
-40,-22,45
-40,-22,44
-40,-22,44
-40,-22,45
-40,-22,45
-41,-22,44
-40,-22,45
-40,-22,45
-40,-22,45
-40,-22,45
-40,-22,45
-39,-22,45
-40,-22,45
-41,-22,45
-40,-22,44
-40,-22,45
-40,-22,45
-41,-22,45
-41,-22,44
-40,-22,45
-40,-22,45
-40,-23,44
-40,-23,45
-40,-22,45
-40,-22,45
-40,-22,45
-40,-22,45
-41,-22,45
-40,-22,45
-40,-23,44
-40,-22,45
-40,-22,45
-41,-22,44
-40,-22,45
-40,-22,45
-40,-22,45
-40,-22,45
-41,-22,45
-41,-22,45
-40,-22,45
-40,-22,45
-40,-23,45
-41,-22,44
-41,-22,45
-41,-22,45
-41,-22,45
-40,-22,45
-41,-22,45
-41,-22,44
-41,-22,44
-40,-22,45
-40,-22,45
-40,-22,45
-40,-22,45
-40,-22,45
-40,-22,45
-41,-22,45
-41,-22,45
-41,-22,45
-40,-22,45
-40,-22,44
-40,-22,44
-40,-22,45
-41,-22,45
-40,-22,45
-40,-22,44
-40,-22,45
-41,-22,45
-41,-22,44
-40,-22,45
-40,-22,45
-41,-22,45
-41,-22,45
-40,-22,45
-41,-22,44
-41,-22,45
-41,-22,44
-41,-22,44
-41,-22,45
-41,-22,45
-41,-22,45
-40,-22,44
-41,-22,44
-41,-22,45
-41,-22,45
-41,-22,44
-40,-22,45
-41,-22,45
-41,-22,44
-40,-22,45
-41,-22,45
-41,-22,45
-40,-22,45
-41,-22,45
-41,-22,45
-41,-21,45
-41,-22,45
-40,-22,45
-41,-22,45
-41,-22,44
-41,-21,45
-41,-21,45
-41,-21,45
-40,-21,45
-41,-22,44
-41,-21,44
-41,-21,44
-42,-22,45
-41,-21,45
-41,-21,44
-41,-21,44
-41,-21,45
-41,-21,44
-41,-21,45
-41,-21,45
-41,-21,44
-41,-21,44
-41,-21,44
-41,-21,44
-41,-22,44
-41,-22,44
-41,-21,44
-41,-21,45
-41,-21,45
-41,-22,44
-41,-22,44
-41,-21,44
-41,-21,45
-41,-21,44
-41,-21,44
-41,-21,44
-42,-21,44
-41,-21,44
-41,-21,44
-41,-21,44
-41,-21,45
-41,-21,44
-41,-21,44
-42,-21,44
-41,-22,44
-41,-22,44
-42,-22,45
-41,-21,44
-41,-21,44
-41,-22,44
-41,-22,44
-41,-22,44
-41,-21,44
-41,-21,44
-41,-22,44
-41,-21,44
-41,-22,44
-41,-22,44
-41,-22,44
-41,-22,44
-41,-22,44
-41,-21,44
-41,-21,44
-41,-22,44
-41,-21,44
-41,-22,44
-42,-22,44
-42,-21,44
-41,-21,44
-41,-21,44
-41,-22,44
-41,-22,44
-42,-22,44
-41,-21,44
-41,-21,44
-41,-22,44
-41,-21,45
-41,-22,45
-42,-21,44
-41,-21,44
-41,-22,44
-41,-22,45
-41,-21,44
-41,-21,44
-41,-21,44
-41,-21,44
-41,-22,44
-42,-22,44
-42,-21,44
-41,-21,44
-41,-21,44
-41,-22,44
-41,-22,44
-41,-21,44
-41,-21,45
-41,-21,44
-41,-22,44
-41,-21,44
-41,-22,44
-41,-21,44
-41,-21,44
-41,-21,44
-41,-21,44
-41,-21,44
-42,-21,44
-41,-21,44
-40,-21,44
-41,-22,44
-42,-22,44
-42,-21,44
-41,-21,44
-41,-21,44
-41,-22,44
-41,-21,44
-41,-21,44
-41,-21,45
-41,-21,45
-41,-22,44
-41,-21,44
-41,-21,44
-41,-21,44
-41,-22,44
-41,-21,44
-41,-21,45
-41,-21,44
-41,-21,44
-41,-21,44
-41,-21,45
-41,-21,44
-41,-21,44
-42,-21,44
-41,-21,44
-41,-21,44
-41,-21,44
-41,-21,44
-41,-21,44
-41,-21,45
-41,-21,44
-41,-21,44
-41,-21,44
-41,-21,44
-41,-21,44
-41,-21,44
-41,-21,45
-41,-21,44
-41,-21,45
-41,-21,44
-41,-21,44
-42,-21,44
-42,-21,45
-41,-21,44
-41,-21,44
-41,-21,45
-41,-21,44
-41,-21,44
-41,-21,44
-41,-21,44
-41,-21,44
-42,-21,44
-41,-21,44
-41,-21,44
-41,-21,44
-42,-21,44
-41,-21,44
-41,-21,44
-41,-21,44
-42,-21,44
-42,-21,44
-41,-21,44
-41,-21,44
-41,-21,45
-42,-21,44
-42,-21,44
-41,-21,44
-42,-21,44
-42,-21,44
-42,-21,44
-41,-21,45
-41,-21,44
-41,-21,44
-41,-21,44
-42,-21,44
-41,-21,44
-41,-21,44
-41,-21,44
-42,-21,44
-42,-21,44
-42,-21,44
-42,-21,44
-41,-21,44
-41,-21,44
-42,-21,44
-41,-21,44
-41,-21,44
-41,-21,44
-41,-21,44
-41,-21,44
-42,-21,44
-42,-21,45
-41,-21,44
-41,-21,44
-41,-21,44
-41,-21,44
-42,-21,44
-41,-21,44
-41,-21,44
-42,-21,44
-41,-21,44
-41,-21,44
-42,-21,44
-41,-21,44
-41,-21,45
-41,-21,45
-42,-21,44
-41,-21,44
-41,-21,44
-41,-21,44
-41,-21,44
-42,-21,44
-42,-21,44
-41,-21,44
-41,-21,44
-41,-22,44
-41,-21,44
-41,-21,44
-41,-21,45
-41,-21,44
-41,-22,44
-41,-21,44
-41,-21,44
-41,-21,44
-41,-21,44
-41,-21,45
-41,-21,44
-41,-21,44
-41,-21,44
-41,-21,44
-41,-21,44
-41,-21,44
-41,-21,44
-42,-21,44
-42,-21,44
-41,-21,44
-41,-22,44
-41,-22,44
-41,-21,44
-41,-21,45
-41,-21,45
-41,-21,44
-42,-21,44
-42,-21,44
-41,-21,44
-41,-22,44
-41,-21,44
-41,-21,44
-41,-21,45
-41,-21,44
-42,-21,44
-42,-21,44
-41,-21,44
-41,-21,44
-41,-21,45
-41,-21,44
-42,-21,44
-42,-21,44
-41,-21,44
-41,-21,44
-41,-21,44
-41,-21,44
-42,-21,44
-41,-21,44
-41,-21,45
-41,-21,44
-42,-21,44
-42,-21,44
-41,-21,44
-41,-21,44
-41,-21,44
-42,-21,44
-41,-21,44
-41,-21,45
-41,-21,44
-41,-21,45
-41,-21,44
-41,-21,44
-41,-21,44
-41,-21,44
-41,-21,44
-42,-21,45
-42,-21,44
-41,-21,44
-41,-21,44
-41,-21,45
-42,-21,44
-41,-21,44
-41,-21,44
-41,-21,44
-41,-21,44
-42,-21,44
-41,-21,44
-41,-21,44
-41,-21,44
-41,-21,44
-41,-21,44
-41,-21,44
-41,-21,44
-41,-21,44
-41,-21,45
-41,-21,44
-41,-21,44
-41,-21,44
-41,-21,45
-41,-21,45
-42,-21,44
-42,-21,44
-42,-21,44
-41,-21,44
-41,-21,45
-41,-21,44
-41,-21,44
-41,-21,44
-41,-21,45
-41,-21,45
-41,-21,44
-41,-21,44
-41,-21,45
-41,-21,44
-41,-21,44
-42,-21,44
-42,-21,44
-42,-21,44
-41,-21,44
-42,-21,44
-41,-21,44
-42,-21,44
-41,-21,44
-41,-21,45
-41,-21,44
-41,-21,44
-42,-21,44
-42,-21,44
-42,-21,44
-42,-21,44
-41,-21,45
-41,-21,44
-42,-21,44
-42,-21,44
-42,-21,44
-41,-21,44
-41,-21,44
-42,-21,44
-42,-21,44
-42,-21,44
-41,-21,44
-42,-21,44
-41,-21,44
-41,-21,44
-42,-21,44
-41,-21,44
-41,-21,44
-42,-21,44
-42,-21,44
-41,-21,44
-41,-21,44
-42,-21,44
-42,-21,44
-41,-21,44
-41,-21,44
-41,-22,44
-41,-22,44
-41,-21,44
-42,-21,44
-41,-21,45
-41,-22,44
-42,-21,44
-42,-21,44
-41,-21,44
-41,-21,44
-41,-21,44
-42,-21,44
-42,-21,44
-41,-21,44
-41,-21,45
-42,-21,44
-42,-21,44
-41,-21,44
-41,-21,44
-41,-21,44
-42,-21,44
-42,-21,44
-41,-21,44
-41,-21,44
-41,-21,44
-41,-21,44
-41,-21,44
-41,-21,44
-41,-21,44
-41,-21,44
-42,-21,44
-42,-21,44
-42,-21,44
-41,-21,44
-41,-21,44
-42,-21,44
-42,-21,44
-42,-21,44
-42,-21,44
-42,-21,44
-41,-21,44
-41,-21,45
-41,-21,44
-42,-21,44
-42,-21,44
-42,-21,44
-42,-21,44
-42,-21,44
-42,-21,44
-42,-21,44
-42,-21,44
-41,-21,44
-42,-21,44
-42,-21,44
-42,-21,44
-42,-21,44
-42,-20,44
-42,-21,44
-40,-20,44
-42,-21,44
-42,-21,44
-42,-21,44
-42,-21,44
-42,-21,44
-42,-21,44
-42,-21,44
-41,-21,44
-42,-21,44
-42,-21,44
-42,-21,44
-42,-21,44
-42,-21,44
-42,-21,44
-42,-21,44
-42,-21,44
-42,-21,44
-42,-21,44
-42,-21,44
-42,-21,44
-42,-21,44
-42,-21,44
-42,-21,44
-42,-21,44
-42,-21,44
-42,-21,44
-42,-21,44
-42,-21,44
-42,-21,44
-42,-21,44
-42,-21,44
-42,-21,44
-41,-21,44
-42,-21,44
-42,-21,44
-42,-21,44
-42,-20,44
-41,-21,44
-42,-21,44
-42,-21,44
-42,-21,44
-41,-21,44
-41,-21,44
-41,-21,44
-42,-21,44
-42,-21,44
-42,-21,44
-42,-21,44
-42,-21,44
-42,-21,44
-42,-21,44
-42,-21,44
-42,-21,44
-42,-21,44
-42,-21,44
-42,-21,44
-42,-21,44
-41,-21,44
-41,-21,44
-42,-21,44
-42,-21,44
-42,-21,44
-42,-21,44
-41,-21,44
-41,-21,44
-42,-21,44
-42,-21,44
-41,-21,44
-41,-21,44
-42,-21,44
-42,-21,44
-42,-21,44
-42,-21,44
-41,-21,44
-42,-21,44
-42,-21,44
-42,-21,44
-42,-21,44
-42,-21,44
-42,-21,44
-41,-21,44
-41,-21,44
-41,-21,44
-42,-21,44
-42,-21,44
-42,-21,44
-41,-21,44
-42,-21,44
-42,-21,44
-42,-21,44
-42,-21,44
-41,-21,44
-41,-21,44
-42,-21,44
-42,-21,44
-42,-21,44
-41,-21,44
-41,-21,44
-42,-21,44
-41,-21,44
-42,-21,44
-42,-21,44
-42,-21,44
-41,-21,44
-41,-21,44
-41,-21,44
-42,-21,44
-42,-21,44
-42,-21,44
-41,-21,44
-41,-21,44
-42,-21,44
-41,-21,44
-41,-21,45
-41,-21,44
-41,-21,44
-42,-21,44
-42,-21,44
-41,-21,44
-41,-21,44
-42,-21,44
-42,-21,44
-42,-21,44
-42,-21,44
-42,-21,44
-42,-21,44
-41,-21,44
-41,-21,44
-41,-21,44
-42,-21,44
-42,-21,44
-42,-21,44
-41,-21,44
-41,-21,44
-42,-21,44
-42,-21,44
-42,-21,44
-42,-21,44
-42,-21,44
-42,-21,44
-42,-21,44
-42,-21,44
-42,-21,44
-41,-21,44
-42,-21,44
-42,-21,44
-42,-21,44
-42,-21,44
-42,-21,44
-42,-21,44
-42,-21,44
-42,-21,44
-42,-21,44
-42,-21,44
-42,-21,44
-42,-21,44
-42,-21,44
-42,-21,44
-42,-21,44
-42,-21,44
-42,-21,44
-42,-21,44
-42,-20,44
-42,-21,44
-42,-21,44
-42,-21,44
-42,-21,44
-42,-21,44
-42,-21,44
-42,-21,44
-42,-21,44
-42,-21,44
-41,-21,44
-42,-21,44
-42,-21,44
-41,-21,44
-42,-21,44
-41,-21,44
-42,-21,44
-42,-21,44
-41,-21,45
-41,-21,45
-41,-21,44
-42,-21,44
-42,-21,44
-42,-20,44
-42,-21,45
-41,-21,44
-41,-21,44
-42,-21,44
-42,-21,44
-42,-21,44
-41,-21,44
-41,-21,44
-42,-21,44
-42,-21,44
-42,-21,44
-42,-21,44
-42,-21,44
-42,-21,44
-42,-21,44
-41,-21,45
-41,-21,44
-41,-21,44
-42,-21,44
-42,-21,44
-42,-21,44
-42,-21,44
-41,-21,44
-42,-21,44
-42,-21,44
-42,-21,44
-42,-21,44
-42,-21,44
-42,-21,44
-42,-21,44
-42,-21,44
-41,-21,44
-41,-21,44
-42,-21,44
-42,-21,44
-42,-21,44
-42,-21,44
-42,-21,44
-42,-21,44
-42,-21,44
-42,-21,44
-41,-21,44
-42,-21,44
-42,-21,44
-42,-21,44
-42,-21,44
-41,-21,44
-41,-21,44
-42,-21,44
-42,-21,44
-42,-21,44
-42,-21,44
-41,-21,44
-42,-21,44
-42,-21,44
-42,-21,44
-41,-21,44
-41,-21,44
-42,-21,44
-42,-21,44
-42,-21,44
-42,-21,44
-42,-21,44
-42,-21,44
-42,-21,44
-42,-21,44
-42,-21,44
-42,-21,44
-42,-21,44
-42,-21,44
-42,-21,44
-42,-21,44
-42,-21,44
-42,-21,44
-42,-21,44
-42,-21,44
-42,-20,44
-42,-21,44
-42,-21,44
-42,-21,44
-42,-21,44
-42,-21,44
-41,-21,44
-41,-21,44
-42,-21,44
-42,-21,44
-42,-21,44
-42,-21,44
-42,-21,44
-42,-21,44
-42,-21,44
-42,-21,44
-42,-21,44
-42,-21,44
-42,-21,44
-42,-21,44
-42,-21,44
-42,-21,44
-42,-21,44
-42,-20,44
-42,-21,44
-42,-21,44
-42,-21,44
-42,-20,44
-42,-20,44
-42,-21,44
-42,-21,44
-42,-21,44
-42,-21,44
-42,-21,44
-42,-20,44
-42,-20,44
-42,-20,44
-42,-20,44
-42,-20,44
-42,-21,44
-42,-21,44
-42,-20,44
-42,-20,44
-42,-20,44
-42,-21,44
-42,-20,44
-42,-20,44
-42,-21,44
-41,-21,44
-42,-21,44
-42,-21,44
-42,-20,44
-42,-21,44
-42,-21,44
-42,-21,44
-42,-20,44
-43,-20,44
-42,-20,44
-42,-21,44
-42,-21,44
-42,-21,44
-42,-21,44
-41,-21,44
-42,-21,44
-42,-21,44
-42,-21,44
-42,-20,44
-42,-21,44
-42,-21,44
-42,-21,44
-42,-21,44
-42,-21,44
-42,-21,44
-42,-21,44
-42,-21,44
-42,-21,44
-42,-21,44
-42,-21,44
-42,-21,44
-42,-21,44
-42,-21,44
-42,-21,44
-42,-20,44
-42,-21,44
-42,-21,44
-42,-21,44
-42,-21,44
-42,-21,44
-42,-21,44
-42,-21,44
-43,-21,44
-42,-21,44
-42,-21,44
-42,-22,43
-44,-22,43
-41,-22,44
-41,-21,45
-42,-22,44
-42,-22,45
-41,-21,45
-41,-21,46
-39,-19,45
-39,-19,46
-40,-20,46
-42,-18,45
-42,-18,44
-43,-19,44
-43,-18,44
-43,-18,45
-43,-18,44
-46,-19,42
-46,-19,42
-46,-21,42
-45,-21,41
-45,-23,42
-45,-24,40
-44,-25,44
-42,-24,42
-44,-25,42
-47,-27,36
-45,-28,33
-47,-29,28
-50,-33,33
-48,-32,31
-51,-37,26
-51,-40,24
-50,-40,22
-49,-43,19
-47,-44,19
-49,-43,20
-48,-42,17
-46,-44,18
-41,-46,18
-39,-48,16
-34,-51,15
-35,-55,9
-36,-59,5
-33,-62,7
-33,-63,6
-39,-68,2
-36,-71,1
-24,-66,1
-20,-62,-2
-21,-62,-5
-20,-59,-7
-21,-57,-10
-15,-59,-9
-18,-56,-7
-22,-56,-10
-20,-54,-11
-16,-49,-10
-14,-51,-10
-16,-52,-8
-15,-51,-6
-16,-52,-6
-16,-53,-6
-16,-55,-5
-16,-57,-4
-16,-57,-4
-16,-57,-3
-16,-58,-1
-16,-58,-1
-17,-61,-1
-18,-63,-1
-17,-64,-2
-16,-62,-1
-18,-62,0
-18,-60,2
-18,-59,0
-17,-59,0
-18,-60,0
-20,-62,1
-23,-61,1
-22,-59,1
-21,-58,1
-18,-59,0
-18,-59,1
-18,-59,1
-18,-59,2
-19,-59,1
-20,-59,2
-20,-59,2
-19,-60,2
-18,-60,2
-21,-61,2
-21,-61,1
-22,-61,1
-22,-59,0
-22,-58,0
-23,-59,-3
-21,-57,-5
-19,-56,-6
-18,-53,-5
-19,-52,-6
-15,-52,-10
-20,-49,-8
-20,-48,-8
-21,-45,-11
-21,-46,-13
-25,-58,-16
-27,-58,-16
-21,-59,-12
-5,-48,-8
-21,-67,-12
-13,-68,5
-27,-63,7
-42,-66,-1
-32,-58,-2
-28,-51,-3
-26,-52,-1
-29,-52,-2
-34,-58,2
-43,-63,3
-43,-59,2
-46,-60,6
-42,-57,6
-40,-59,8
-39,-55,8
-41,-55,10
-44,-53,10
-46,-52,11
-44,-46,16
-46,-45,22
-46,-43,23
-46,-44,23
-46,-46,26
-40,-43,35
-38,-38,37
-38,-33,36
-43,-32,35
-42,-27,37
-43,-28,35
-44,-31,37
-42,-32,36
-41,-32,38
-39,-30,40
-41,-30,39
-43,-30,38
-42,-30,40
-38,-29,41
-39,-28,43
-42,-29,42
-41,-30,41
-44,-29,41
-37,-30,45
-33,-28,43
-31,-27,44
-26,-23,52
-25,-22,53
-36,-23,47
-40,-23,46
-40,-23,48
-35,-23,48
-33,-23,48
-30,-25,48
-35,-26,45
-39,-28,44
-41,-27,43
-43,-26,42
-42,-26,45
-40,-26,46
-37,-26,44
-33,-27,45
-33,-27,45
-35,-27,46
-36,-26,46
-37,-25,45
-39,-25,45
-37,-24,45
-39,-24,45
-41,-24,44
-41,-24,43
-40,-24,43
-40,-25,43
-40,-25,44
-40,-25,44
-39,-25,44
-39,-25,44
-39,-25,44
-39,-25,44
-39,-25,44
-39,-24,44
-39,-24,44
-39,-25,44
-39,-24,44
-40,-25,44
-40,-25,44
-40,-25,44
-40,-25,44
-40,-25,44
-39,-24,43
-41,-24,44
-41,-24,44
-41,-24,44
-40,-24,44
-41,-24,44
-41,-24,44
-40,-24,43
-40,-25,43
-40,-25,43
-40,-24,43
-40,-24,44
-40,-24,44
-40,-24,44
-41,-24,43
-41,-24,44
-41,-24,43
-41,-24,44
-40,-24,44
-40,-24,44
-40,-24,43
-41,-24,43
-41,-24,43
-41,-24,43
-41,-24,43
-41,-24,43
-41,-24,44
-41,-24,43
-40,-24,44
-40,-24,44
-41,-24,44
-41,-24,44
-41,-24,43
-41,-24,44
-41,-24,44
-40,-24,44
-41,-24,44
-41,-24,44
-41,-24,44
-41,-24,44
-41,-24,43
-40,-24,44
-40,-24,44
-40,-24,44
-40,-24,44
-40,-24,44
-40,-24,44
-40,-24,44
-41,-24,44
-41,-24,44
-41,-24,44
-41,-24,44
-40,-24,44
-40,-24,44
-40,-24,44
-41,-24,44
-41,-24,44
-39,-24,44
-39,-24,44
-41,-24,44
-41,-24,43
-41,-24,43
-40,-24,43
-40,-24,43
-40,-24,44
-41,-24,44
-41,-24,44
-41,-24,44
-40,-24,44
-40,-24,44
-41,-24,44
-40,-24,44
-40,-24,44
-40,-24,44
-40,-24,44
-40,-24,44
-40,-24,44
-40,-24,44
-40,-24,44
-40,-24,44
-40,-24,44
-41,-24,44
-41,-24,44
-40,-24,44
-40,-24,44
-40,-24,44
-40,-24,44
-41,-24,44
-40,-24,44
-40,-24,44
-40,-24,44
-40,-24,44
-40,-24,43
-40,-24,44
-40,-24,44
-40,-24,44
-40,-24,44
-40,-24,44
-41,-24,44
-40,-24,44
-40,-24,44
-40,-24,44
-40,-24,44
-41,-24,44
-40,-24,44
-40,-24,44
-40,-24,44
-40,-25,44
-40,-24,44
-41,-24,44
-40,-24,44
-40,-24,44
-41,-24,44
-40,-24,44
-41,-24,43
-40,-24,44
-40,-24,44
-40,-24,44
-41,-24,44
-40,-24,44
-41,-24,44
-41,-24,44
-40,-24,44
-40,-24,44
-41,-24,44
-41,-24,44
-41,-24,44
-41,-24,44
-40,-24,44
-40,-24,43
-41,-24,43
-41,-24,44
-40,-24,44
-41,-24,44
-40,-24,44
-41,-24,44
-41,-24,44
-41,-24,44
-40,-24,44
-40,-24,44
-41,-24,44
-41,-24,44
-41,-24,43
-41,-24,44
-41,-24,44
-40,-24,44
-40,-24,44
-40,-24,43
-41,-24,44
-41,-24,43
-41,-24,44
-41,-24,44
-40,-24,43
-40,-24,43
-41,-24,44
-41,-24,44
-41,-24,44
-41,-24,43
-41,-24,44
-41,-24,44
-41,-24,43
-40,-24,44
-41,-24,44
-41,-24,44
-40,-24,44
-41,-24,44
-40,-24,44
-40,-24,44
-41,-24,44
-41,-24,43
-41,-24,43
-40,-24,44
-40,-24,43
-41,-24,43
-41,-24,43
-41,-24,44
-41,-24,44
-41,-24,44
-41,-24,43
-41,-24,44
-41,-24,43
-41,-24,43
-41,-24,43
-41,-24,44
-41,-24,43
-41,-24,43
-41,-24,44
-41,-24,44
-41,-24,44
-41,-24,44
-40,-24,44
-41,-24,43
-41,-24,43
-41,-24,44
-41,-24,43
-41,-24,44
-41,-24,44
-41,-24,44
-40,-24,44
-41,-24,44
-41,-24,43
-41,-23,44
-41,-24,44
-41,-24,44
-40,-24,44
-41,-24,44
-41,-24,44
-41,-24,44
-41,-24,44
-41,-24,44
-41,-24,44
-41,-24,44
-41,-24,44
-41,-24,44
-40,-24,44
-41,-24,44
-40,-24,44
-40,-24,44
-41,-24,44
-40,-24,44
-40,-24,44
-40,-24,44
-40,-24,44
-40,-24,44
-41,-24,44
-41,-24,44
-40,-24,44
-40,-24,44
-40,-25,44
-40,-24,44
-40,-24,44
-40,-24,44
-40,-24,44
-40,-24,44
-40,-24,44
-40,-24,44
-40,-24,44
-40,-24,44
-40,-24,44
-40,-24,44
-40,-24,44
-40,-24,44
-41,-24,44
-40,-24,43
-40,-24,44
-40,-24,44
-41,-24,44
-41,-24,44
-40,-24,44
-41,-24,44
-40,-24,44
-40,-24,43
-40,-24,44
-40,-24,44
-40,-24,44
-40,-24,44
-41,-24,44
-41,-24,44
-41,-24,44
-40,-24,43
-40,-24,44
-40,-24,44
-40,-24,44
-41,-24,44
-41,-24,44
-41,-24,44
-40,-24,44
-40,-24,44
-41,-24,43
-41,-24,44
-41,-24,44
-40,-24,44
-40,-24,44
-40,-24,44
-40,-24,44
-40,-24,44
-40,-24,44
-40,-24,44
-41,-24,44
-41,-24,44
-41,-24,43
-40,-24,44
-40,-24,44
-41,-24,44
-41,-24,44
-41,-24,44
-40,-24,44
-41,-24,43
-40,-24,44
-40,-24,44
-41,-24,44
-41,-24,44
-41,-24,44
-41,-24,44
-40,-24,44
-40,-24,43
-40,-24,44
-41,-24,44
-41,-24,44
-41,-24,44
-40,-24,44
-41,-24,44
-41,-24,43
-41,-24,44
-40,-24,44
-40,-24,44
-40,-24,44
-41,-24,44
-41,-24,44
-41,-24,44
-40,-24,44
-41,-24,44
-40,-24,44
-40,-24,44
-40,-24,44
-41,-24,44
-41,-24,44
-41,-24,44
-41,-24,44
-40,-24,44
-41,-24,44
-41,-24,44
-41,-24,44
-41,-24,44
-41,-24,44
-41,-24,44
-41,-24,44
-41,-24,44
-41,-24,43
-41,-24,44
-41,-24,44
-41,-24,44
-41,-24,44
-41,-24,44
-41,-24,44
-41,-24,44
-41,-24,44
-41,-24,43
-41,-24,44
-41,-23,44
-41,-23,44
-40,-23,44
-41,-23,44
-41,-24,44
-41,-24,44
-41,-24,44
-40,-24,44
-41,-24,44
-41,-24,44
-41,-24,44
-41,-23,44
-41,-24,44
-41,-24,44
-41,-24,44
-41,-24,44
-41,-24,43
-41,-24,44
-41,-24,44
-41,-24,44
-41,-24,44
-41,-24,44
-40,-24,44
-41,-24,44
-41,-24,44
-41,-24,44
-41,-24,44
-40,-24,44
-41,-24,44
-40,-24,44
-41,-24,44
-41,-24,44
-41,-24,44
-40,-24,43
-40,-24,44
-40,-24,44
-41,-24,43
-41,-24,44
-40,-24,44
-40,-24,44
-41,-24,43
-41,-24,44
-41,-24,43
-41,-24,44
-40,-24,44
-41,-24,44
-41,-24,44
-41,-24,44
-40,-24,44
-41,-24,44
-40,-24,44
-40,-24,44
-41,-24,44
-40,-24,44
-40,-24,44
-41,-24,44
-41,-24,44
-41,-24,44
-40,-24,44
-40,-24,44
-41,-24,44
-41,-24,44
-41,-24,44
-40,-24,44
-40,-24,44
-41,-24,43
-41,-24,43
-41,-24,44
-41,-24,43
-41,-24,44
-41,-24,44
-41,-24,44
-41,-24,44
-41,-24,44
-41,-24,44
-40,-24,43
-41,-24,44
-41,-24,44
-41,-24,44
-40,-24,44
-40,-24,44
-41,-24,44
-41,-23,44
-41,-24,44
-41,-24,44
-41,-24,44
-41,-24,44
-41,-24,44
-41,-24,44
-41,-24,44
-41,-24,44
-41,-24,43
-41,-24,44
-41,-24,43
-41,-24,44
-41,-24,44
-41,-24,44
-41,-24,44
-41,-24,44
-41,-24,44
-41,-24,44
-41,-24,43
-41,-24,43
-41,-24,44
-41,-24,44
-41,-24,44
-41,-24,43
-41,-24,44
-41,-24,44
-41,-24,44
-41,-24,44
-41,-24,44
-41,-24,44
-41,-24,44
-41,-23,44
-41,-24,44
-41,-24,44
-41,-24,44
-41,-24,44
-41,-24,44
-41,-24,44
-41,-24,43
-41,-24,44
-41,-24,44
-41,-24,44
-41,-24,44
-41,-24,44
-41,-24,43
-41,-24,44
-41,-24,44
-41,-24,44
-40,-24,44
-41,-24,44
-41,-24,44
-41,-23,44
-41,-23,44
-41,-24,43
-41,-24,44
-41,-24,44
-41,-24,44
-41,-23,44
-41,-24,44
-41,-24,44
-41,-23,44
-41,-23,44
-41,-24,43
-41,-24,43
-41,-24,44
-41,-24,44
-41,-24,44
-41,-24,44
-41,-24,44
-41,-24,44
-41,-24,44
-41,-24,44
-41,-24,44
-41,-24,44
-41,-24,44
-41,-24,44
-41,-24,44
-40,-24,44
-40,-24,44
-41,-24,44
-41,-24,44
-41,-24,44
-40,-24,43
-41,-24,44
-41,-24,44
-41,-24,44
-41,-24,43
-40,-24,44
-40,-24,44
-41,-24,44
-40,-24,44
-41,-24,44
-41,-24,44
-41,-24,44
-41,-24,44
-40,-24,43
-41,-24,43
-41,-24,44
-41,-24,44
-41,-24,44
-40,-24,44
-40,-24,44
-41,-24,44
-41,-24,44
-41,-24,43
-41,-24,44
-41,-24,43
-41,-24,44
-41,-24,44
-40,-24,43
-41,-24,43
-41,-24,43
-41,-24,44
-41,-24,43
-40,-23,44
-41,-24,44
-44,-24,42
-41,-24,44
-41,-24,43
-42,-24,43
-42,-24,43
-42,-23,43
-41,-25,43
-42,-24,42
-40,-24,44
-40,-23,43
-41,-24,43
-41,-24,44
-41,-24,43
-41,-24,44
-41,-24,44
-41,-24,43
-41,-24,44
-41,-24,43
-41,-24,43
-40,-24,43
-42,-24,43
-41,-24,44
-40,-24,44
-42,-24,43
-40,-24,44
-41,-24,43
-41,-24,44
-41,-24,44
-41,-23,45
-41,-23,43
-42,-24,44
-41,-24,44
-41,-24,44
-41,-24,43
-41,-24,44
-41,-24,44
-41,-24,43
-41,-23,45
-41,-24,42
-41,-24,44
-41,-23,44
-41,-24,44
-41,-24,43
-41,-24,44
-41,-24,44
-41,-24,44
-41,-24,44
-39,-23,44
-42,-24,43
-42,-24,44
-41,-23,44
-41,-23,43
-41,-24,43
-40,-24,43
-42,-24,43
-42,-24,43
-42,-24,43
-39,-24,44
-40,-23,43
-41,-24,44
-41,-24,43
-41,-23,44
-41,-24,43
-41,-24,44
-41,-24,44
-42,-24,43
-41,-24,43
-40,-24,44
-41,-23,43
-41,-24,44
-41,-24,44
-41,-24,44
-41,-24,43
-41,-24,44
-41,-24,43
-41,-24,43
-41,-24,43
-41,-23,43
-40,-24,43
-41,-24,44
-41,-24,44
-41,-24,44
-41,-24,44
-41,-24,44
-40,-24,44
-40,-24,44
-41,-24,43
-41,-24,44
-41,-24,44
-41,-24,44
-41,-24,44
-41,-23,43
-41,-24,44
-40,-24,44
-41,-24,44
-41,-24,44
-41,-24,44
-41,-24,44
-40,-23,45
-40,-24,44
-41,-24,44
-41,-24,44
-41,-24,43
-41,-24,44
-41,-24,43
-41,-24,44
-41,-24,44
-40,-24,44
-40,-24,44
-40,-24,44
-40,-24,44
-40,-24,44
-41,-24,43
-40,-24,43
-40,-24,44
-41,-24,44
-40,-24,44
-40,-24,44
-40,-24,43
-40,-24,44
-40,-24,43
-40,-24,44
-40,-24,44
-40,-24,44
-40,-24,44
-40,-24,43
-41,-24,44
-40,-24,43
-41,-24,44
-41,-24,44
-41,-24,44
-41,-24,44
-40,-24,44
-41,-24,44
-40,-24,44
-41,-24,43
-41,-24,44
-40,-24,44
-41,-24,43
-41,-24,44
-41,-24,43
-41,-24,44
-40,-24,44
-41,-24,43
-41,-24,43
-40,-24,44
-41,-24,44
-41,-24,44
-41,-24,43
-41,-24,44
-40,-24,44
-40,-24,44
-40,-24,44
-41,-24,44
-41,-24,44
-41,-24,44
-40,-24,44
-40,-24,44
-40,-24,44
-41,-24,44
-41,-24,44
-40,-24,44
-41,-24,44
-41,-24,43
-41,-24,44
-41,-24,44
-40,-24,44
-40,-24,44
-41,-24,44
-41,-24,44
-41,-24,44
-41,-24,44
-41,-24,44
-41,-24,43
-41,-24,44
-41,-23,44
-40,-24,43
-41,-24,44
-40,-24,44
-41,-24,44
-41,-24,44
-40,-24,44
-41,-24,44
-41,-24,44
-41,-24,44
-41,-23,44
-41,-24,44
-41,-24,44
-41,-24,44
-41,-24,43
-41,-24,43
-41,-24,44
-41,-24,44
-41,-24,44
-41,-24,44
-41,-24,43
-41,-24,44
-41,-24,44
-41,-24,43
-41,-24,44
-41,-24,44
-41,-24,44
-41,-24,43
-41,-24,44
-41,-24,44
-41,-24,44
-40,-24,44
-40,-24,44
-41,-24,44
-41,-24,44
-41,-23,44
-40,-24,43
-41,-24,43
-41,-24,44
-41,-24,44
-41,-24,43
-40,-24,44
-41,-24,44
-41,-24,44
-41,-24,44
-40,-24,44
-40,-24,44
-40,-24,44
-41,-24,43
-41,-24,44
-40,-24,44
-40,-24,43
-40,-24,44
-41,-24,44
-40,-24,44
-40,-24,44
-40,-25,43
-41,-24,44
-40,-24,44
-41,-24,44
-40,-24,44
-40,-24,44
-41,-24,44
-40,-24,44
-40,-24,44
-40,-24,44
-40,-24,44
-40,-24,44
-41,-24,44
-41,-24,44
-41,-24,44
-40,-24,44
-40,-24,44
-40,-24,44
-40,-24,44
-40,-24,44
-41,-24,44
-41,-24,44
-40,-24,44
-40,-24,44
-40,-24,44
-41,-24,44
-40,-24,44
-41,-24,44
-40,-24,44
-41,-24,43
-41,-24,43
-41,-24,44
-40,-24,44
-40,-24,44
-40,-24,44
-41,-24,44
-41,-24,44
-40,-24,44
-40,-24,44
-40,-24,44
-40,-24,44
-40,-24,43
-40,-24,44
-40,-24,44
-41,-24,44
-41,-24,44
-41,-24,44
-40,-24,44
-40,-24,44
-40,-24,44
-41,-24,44
-41,-24,44
-40,-24,44
-40,-24,44
-41,-24,44
-41,-24,44
-41,-24,43
-40,-24,44
-40,-24,44
-40,-24,44
-41,-24,44
-40,-24,44
-41,-24,44
-40,-24,44
-41,-24,44
-41,-24,44
-41,-24,44
-40,-24,44
-40,-24,43
-41,-24,44
-41,-24,44
-41,-24,44
-41,-24,44
-40,-24,44
-40,-24,44
-41,-24,44
-41,-24,44
-40,-24,44
-41,-24,44
-41,-24,44
-41,-24,43
-41,-24,43
-41,-24,44
-41,-24,44
-41,-24,44
-41,-24,43
-41,-24,44
-41,-24,44
-41,-24,44
-41,-24,43
-41,-24,44
-41,-24,44
-41,-24,44
-41,-23,44
-40,-24,44
-41,-24,44
-41,-24,44
-41,-24,44
-40,-24,44
-40,-24,44
-41,-24,44
-41,-24,44
-41,-24,44
-41,-24,44
-40,-24,44
-41,-24,43
-41,-24,44
-41,-24,44
-41,-24,44
-40,-24,44
-41,-24,44
-41,-24,44
-41,-24,43
-41,-24,44
-41,-24,44
-41,-24,44
-41,-24,44
-41,-24,44
-40,-24,44
-40,-24,43
-41,-24,44
-41,-24,44
-41,-24,44
-40,-24,44
-40,-24,43
-41,-24,43
-41,-24,44
-41,-24,44
-40,-24,44
-41,-24,44
-41,-24,44
-41,-24,44
-41,-24,43
-40,-24,44
-41,-24,44
-40,-24,44
-40,-24,44
-41,-24,44
-40,-24,44
-40,-24,44
-40,-24,44
-40,-24,44
-40,-24,44
-41,-24,44
-41,-24,44
-40,-24,44
-40,-24,44
-40,-24,44
-40,-24,44
-41,-24,44
-41,-24,44
-40,-23,44
-40,-24,44
-41,-25,44
-40,-24,43
-42,-25,43
-42,-25,43
-42,-25,43
-40,-24,43
-41,-25,43
-41,-24,44
-39,-23,45
-37,-22,45
-39,-23,46
-41,-23,45
-40,-23,44
-40,-22,45
-41,-22,44
-41,-22,45
-42,-21,44
-41,-20,44
-42,-21,43
-43,-22,43
-40,-23,43
-40,-24,43
-41,-24,43
-38,-25,44
-37,-25,46
-44,-25,46
-44,-26,41
-44,-33,35
-44,-33,38
-42,-35,33
-42,-38,32
-43,-39,31
-42,-43,27
-42,-45,26
-45,-47,24
-45,-46,22
-45,-45,21
-45,-45,19
-45,-46,19
-45,-47,18
-43,-51,17
-40,-54,18
-47,-64,19
-42,-68,20
-36,-66,15
-37,-66,1
-37,-64,-1
-37,-65,5
-37,-63,6
-35,-57,4
-31,-54,7
-26,-50,8
-24,-46,9
-27,-47,11
-24,-47,11
-21,-48,12
-24,-51,9
-26,-51,10
-22,-52,11
-20,-55,13
-22,-56,14
-24,-57,14
-18,-54,17
-19,-53,16
-25,-53,17
-19,-52,19
-17,-51,21
-25,-54,15
-27,-56,17
-15,-51,24
-25,-60,26
-19,-53,29
-18,-53,28
-15,-54,28
-22,-57,29
-18,-49,26
-18,-43,28
-14,-48,29
-18,-48,34
-24,-48,34
-27,-46,38
-23,-46,38
-25,-47,-1
-22,-44,39
-21,-44,43
-19,-43,41
-19,-43,42
-19,-44,43
-18,-44,42
-17,-45,44
-18,-41,43
-19,-40,44
-20,-39,48
-22,-39,46
-25,-42,40
-15,-43,42
-30,-37,39
-26,-38,40
-26,-40,40
-24,-40,39
-26,-41,39
-25,-41,40
-23,-40,40
-24,-41,41
-26,-42,40
-22,-40,41
-23,-40,41
-26,-40,41
-26,-41,41
-24,-41,42
-25,-41,42
-26,-41,41
-24,-41,40
-24,-40,39
-26,-41,38
-22,-40,37
-22,-40,36
-23,-41,35
-20,-40,33
-10,-35,28
-12,-35,19
-16,-39,16
-10,-46,17
-16,-56,16
-16,-73,18
-1,-75,12
0,-75,9
-4,-74,4
-11,-76,1
-25,-79,-4
-31,-76,-7
-29,-74,-6
-25,-70,-1
-22,-68,1
-19,-66,2
-20,-64,2
-19,-61,2
-19,-59,3
-18,-57,3
-18,-56,4
-16,-60,5
-16,-62,5
-16,-63,8
-13,-63,11
1,-63,17
2,-61,18
-2,-61,14
-8,-62,9
-8,-61,7
-5,-64,5
-10,-68,3
-13,-67,2
-18,-61,-1
-19,-59,-3
-18,-59,-2
-17,-60,-2
-17,-60,-1
-16,-61,-1
-15,-62,0
-15,-62,0
-15,-62,1
-14,-62,2
-14,-66,3
-14,-67,6
-12,-65,9
-15,-61,7
-14,-59,5
-13,-58,2
-15,-59,2
-21,-60,2
-26,-58,0
-26,-57,-1
-26,-57,-3
-26,-58,-3
-26,-57,-3
-26,-57,-4
-26,-57,-4
-26,-57,-5
-25,-57,-5
-25,-55,-4
-26,-57,-2
-26,-59,-2
-23,-62,-1
-21,-65,0
-20,-66,0
-19,-73,-1
-20,-77,0
-21,-74,6
-20,-69,9
-11,-61,5
-5,-64,-2
-4,-65,-2
-6,-66,-2
-7,-64,-2
-10,-54,-1
-12,-53,1
-16,-52,2
-16,-52,4
-17,-53,2
-16,-53,1
-15,-51,2
-19,-50,2
-23,-49,6
-24,-51,8
-25,-58,11
-12,-66,17
-22,-76,14
-40,-83,8
-37,-73,12
-29,-65,8
-27,-71,7
-28,-72,6
-22,-66,-2
-20,-63,-3
-20,-57,2
-22,-56,-1
-23,-55,-2
-23,-54,-3
-21,-52,-3
-19,-51,-1
-18,-50,0
-18,-50,-1
-17,-54,-3
-16,-58,-4
-15,-59,-2
-14,-66,-1
-13,-71,-3
-17,-67,0
-19,-63,4
-17,-66,7
-13,-74,3
-11,-74,2
-7,-61,4
-7,-53,6
-12,-49,5
-14,-50,2
-14,-52,2
-16,-56,1
-16,-55,1
-21,-55,4
-25,-57,5
-25,-62,4
-26,-72,6
-22,-70,7
-15,-79,1
-23,-89,8
-28,-76,12
-24,-63,2
-19,-66,-1
-19,-73,-2
-16,-65,-5
-16,-59,-4
-19,-55,-3
-21,-54,-3
-23,-55,-6
-20,-54,-7
-18,-51,-6
-16,-49,-5
-16,-49,-4
-16,-54,-3
-15,-62,-4
-13,-63,-4
-9,-67,-6
